{
    "accuracy": 0.9887640449438202,
    "classification_report": {
        "0": {
            "precision": 0.9868421052631579,
            "recall": 1.0,
            "f1-score": 0.9933774834437086,
            "support": 75.0
        },
        "1": {
            "precision": 1.0,
            "recall": 0.9285714285714286,
            "f1-score": 0.9629629629629629,
            "support": 14.0
        },
        "accuracy": 0.9887640449438202,
        "macro avg": {
            "precision": 0.993421052631579,
            "recall": 0.9642857142857143,
            "f1-score": 0.9781702232033358,
            "support": 89.0
        },
        "weighted avg": {
            "precision": 0.9889118864577172,
            "recall": 0.9887640449438202,
            "f1-score": 0.9885931768512317,
            "support": 89.0
        }
    },
    "feature_importances": {
        "Pos_grid": 0.4266279309351214,
        "TotalPitstops": 0.16898996695848628,
        "AvgQualifyingTime": 0.4043821021063923
    }
}